25.160.186.137,74.30.41.141
34.248.103.179,6.27.32.190
181.190.156.242,191.130.171.140
168.187.209.68,192.106.111.95
25.160.186.137,28.132.64.213
64.27.130.193,32.211.253.162
32.211.253.162,73.133.98.48
6.27.32.190,110.102.192.249
110.102.192.249,64.27.130.193
64.27.130.193,233.232.61.32
233.232.61.32,209.110.19.119
209.110.19.119,121.207.135.216
121.207.135.216,209.110.19.119
209.110.19.119,233.232.61.32
233.232.61.32,6.27.32.190
6.27.32.190,110.102.192.249
110.102.192.249,25.160.186.137
74.30.41.141,34.248.103.179
6.27.32.190,181.190.156.242
191.130.171.140,168.187.209.68
168.187.209.68,192.106.111.95
191.130.171.140,168.187.209.68
25.160.186.137,121.207.135.216
192.106.111.95,28.132.64.213
28.132.64.213,64.27.130.193
73.133.98.48,110.102.192.249
110.102.192.249,233.232.61.32
